Text;TEI type;ADJ;ADVB;INTJ;NOUN;PREP;VERB
«да куда ж он делся-то, господи?»;setting;0.0;0.0;0.0;0.18181818181818185;0.0;0.09090909090909093
«дома, что ли-ча, лазарь?»;setting;0.0;0.0;0.0;0.2;0.0;0.0
автор опять испуганно высовывается, но быстро исчезает, как будто его оттянул кто-то за фалды;mixed;0.0;0.16666666666666666;0.0;0.1111111111111111;0.05555555555555555;0.16666666666666666
автор хочет соединить руки коломбины и пьеро. но внезапно все декорации взвиваются и улетают вверх. маски разбегаются. автор оказывается склоненным над одним только пьеро, который беспомощно лежит на пустой сцене в белом балахоне своем с красными пуговицами. заметив свое положение, автор убегает стремительно;setting;0.14285714285714285;0.08163265306122447;0.0;0.2857142857142857;0.08163265306122447;0.16326530612244894
аграфена кондратьевна и липочка (разряженная;modifier;0.0;0.0;0.0;0.5;0.0;0.0
аграфена кондратьевна и устинья наумовна;modifier;0.0;0.0;0.0;0.8;0.0;0.0
"аграфена кондратьевна с водкой; тишка вносит закуску и уходит";setting;0.0;0.0;0.0;0.5;0.1;0.2
аграфена кондратьевна уходит;exit;0.0;0.0;0.0;0.6666666666666666;0.0;0.3333333333333333
аграфена кондратьевна уходит с олимпиадой самсоновной;exit;0.0;0.0;0.0;0.6666666666666666;0.16666666666666666;0.16666666666666666
анна андреевна и марья антоновна;modifier;0.0;0.0;0.0;0.8;0.0;0.0
анна андреевна и марья антоновна вбегают на сцену;entrance;0.0;0.0;0.0;0.625;0.125;0.125
анна андреевна, марья антоновна стоят у окна в тех же самых положениях;setting;0.15384615384615385;0.0;0.0;0.4615384615384616;0.15384615384615385;0.07692307692307693
арлекин выступает из хора, как корифей;business;0.0;0.0;0.0;0.42857142857142855;0.14285714285714285;0.14285714285714285
"астров и соня уходят в дом; мария васильевна и телегин остаются возле стола; елена андреевна и войницкий идут к террасе";mixed;0.09090909090909093;0.045454545454545456;0.0;0.4090909090909091;0.09090909090909093;0.13636363636363635
астров пьет водку;business;0.3333333333333333;0.0;0.0;0.3333333333333333;0.0;0.3333333333333333
астрову;delivery;0.0;0.0;0.0;1.0;0.0;0.0
бал. маски кружатся под тихие звуки танца. среди них прогуливаются другие маски, рыцари, дамы, паяцы. грустный пьеро сидит среди сцены на той скамье, где обыкновенно целуются венера и тангейзер;setting;0.1111111111111111;0.05555555555555555;0.0;0.3611111111111111;0.1111111111111111;0.1111111111111111
бегает за ней;business;0.0;0.0;0.0;0.0;0.3333333333333333;0.3333333333333333
бежит вперед;business;0.0;0.5;0.0;0.0;0.0;0.5
бежит и кричит в дверь;delivery;0.0;0.0;0.0;0.2;0.2;0.4
берет бокал;business;0.0;0.0;0.0;0.5;0.0;0.5
берет вместо шляпы футляр;business;0.0;0.0;0.0;0.5;0.25;0.25
берет войницкого под руку;business;0.25;0.0;0.0;0.25;0.25;0.25
берет газету;business;0.0;0.0;0.0;0.5;0.0;0.5
берет его за руку;business;0.0;0.0;0.0;0.25;0.25;0.25
берет его под руку и идет вместе;business;0.0;0.14285714285714285;0.0;0.14285714285714285;0.14285714285714285;0.2857142857142857
берет его под руку и отводит в сторону;business;0.0;0.0;0.0;0.25;0.25;0.25
берет ее за руку;business;0.0;0.0;0.0;0.25;0.25;0.25
берет ее за руку, оглядывается;business;0.0;0.0;0.0;0.16666666666666666;0.16666666666666666;0.3333333333333333
берет ее за талию;business;0.0;0.0;0.0;0.25;0.25;0.25
берет и рассматривает ассигнации;business;0.0;0.0;0.0;0.25;0.0;0.5
берет липочку насильно за руку и лазаря;business;0.0;0.14285714285714285;0.0;0.42857142857142855;0.14285714285714285;0.14285714285714285
берет письмо;business;0.0;0.0;0.0;0.5;0.0;0.5
берет с его стола карандаш и быстро прячет;business;0.0;0.125;0.0;0.25;0.125;0.25
берет чернильницу, идет к шкапу и наливает чернил;business;0.0;0.0;0.0;0.3333333333333333;0.1111111111111111;0.3333333333333333
бобчинский выставляет голову в дверь;business;0.2;0.0;0.0;0.4;0.2;0.2
бобчинский и добчинский проталкиваются;business;0.25;0.0;0.0;0.25;0.0;0.25
бодрится;business;0.0;0.0;0.0;0.0;0.0;1.0
бодрится и выпрямливается;business;0.0;0.0;0.0;0.0;0.0;0.6666666666666666
большов и подхалюзин;modifier;0.0;0.0;0.0;0.6666666666666666;0.0;0.0
большов и рисположенский;modifier;0.3333333333333333;0.0;0.0;0.3333333333333333;0.0;0.0
большов хохочет. устинья наумовна отходит с липочкой на другую сторону сцены. устинья наумовна рассматривает ее платье;business;0.05555555555555555;0.0;0.0;0.5;0.1111111111111111;0.16666666666666666
бормочет вполголоса, пробегая скоро глазами;delivery;0.0;0.3333333333333333;0.0;0.16666666666666666;0.0;0.16666666666666666
бросается на колени;business;0.0;0.0;0.0;0.3333333333333333;0.3333333333333333;0.3333333333333333
бросая коробку;business;0.0;0.0;0.0;0.5;0.0;0.0
будируя;delivery;0.0;0.0;0.0;0.0;0.0;0.0
быстро подходит к войницкому;business;0.25;0.25;0.0;0.0;0.25;0.25
"быстро уходит; телегин идет за ним";exit;0.0;0.14285714285714285;0.0;0.14285714285714285;0.14285714285714285;0.2857142857142857
быстрым, отрывистым голосом;delivery;0.5;0.0;0.0;0.25;0.0;0.0
бьет револьвером об пол и в изнеможении садится на стул;business;0.0;0.0;0.0;0.4;0.3;0.2
бьет рукою по ковру;business;0.0;0.0;0.0;0.5;0.25;0.25
бьет себя по лбу;business;0.0;0.0;0.0;0.25;0.25;0.25
в доме подхалюзина богато меблированная гостиная;setting;0.3333333333333333;0.16666666666666666;0.0;0.3333333333333333;0.16666666666666666;0.0
в исступлении;delivery;0.0;0.0;0.0;0.5;0.5;0.0
в недоумении;delivery;0.0;0.0;0.0;0.5;0.5;0.0
в недоумении расставляет руки;business;0.0;0.0;0.0;0.5;0.25;0.25
в неподдельном ужасе;delivery;0.3333333333333333;0.0;0.0;0.3333333333333333;0.3333333333333333;0.0
в окно;location;0.0;0.0;0.0;0.5;0.5;0.0
в окно;delivery;0.0;0.0;0.0;0.5;0.5;0.0
в окно высовываются руки с просьбами;setting;0.0;0.0;0.0;0.5;0.3333333333333333;0.16666666666666666
в отчаянии;business;0.0;0.0;0.0;0.5;0.5;0.0
в отчаянии;delivery;0.0;0.0;0.0;0.5;0.5;0.0
в раздумье;business;0.0;0.0;0.0;0.5;0.5;0.0
в раздумье;delivery;0.0;0.0;0.0;0.5;0.5;0.0
в размышлении;delivery;0.0;0.0;0.0;0.5;0.5;0.0
в саду стучит сторож;setting;0.0;0.0;0.0;0.5;0.25;0.25
в сердцах;delivery;0.0;0.0;0.0;0.5;0.5;0.0
в сильном волнении;delivery;0.3333333333333333;0.0;0.0;0.3333333333333333;0.3333333333333333;0.0
в сильном волнении уходит;exit;0.25;0.0;0.0;0.25;0.25;0.25
в сильном смущении отходит к окну;business;0.16666666666666666;0.0;0.0;0.3333333333333333;0.3333333333333333;0.16666666666666666
в смущении;business;0.0;0.0;0.0;0.5;0.5;0.0
в сторону;delivery;0.0;0.0;0.0;0.5;0.5;0.0
в сторону, с лицом, принимающим ироническое выражение;delivery;0.1111111111111111;0.0;0.0;0.3333333333333333;0.2222222222222222;0.0
в страхе;delivery;0.0;0.0;0.0;0.5;0.5;0.0
в это время слышны шаги и откашливание в комнате хлестакова. все спешат наперерыв к дверям, толпятся и стараются выйти, что происходит не без того, чтобы не притиснули кое-кого;mixed;0.1176470588235294;0.029411764705882356;0.0;0.17647058823529413;0.1176470588235294;0.17647058823529413
в эту минуту одному из паяцов пришло в голову выкинуть штуку он подбегает к влюбленному и показывает ему длинный язык влюбленный бьет с размаху паяца по голове тяжким деревянным мечом. паяц перегнулся через рампу и повис. из головы его брыжжет струя клюквенного сока;business;0.15555555555555556;0.0;0.0;0.2888888888888889;0.17777777777777778;0.15555555555555556
вбегает, пошатываясь от испуга;entrance;0.0;0.0;0.0;0.2;0.2;0.2
вдруг и отрывисто;delivery;0.0;0.6666666666666666;0.0;0.0;0.0;0.0
ведет его вместе с соней;business;0.0;0.2;0.0;0.2;0.2;0.2
вернувшись;business;0.0;0.0;0.0;0.0;0.0;0.0
вертит рукою около лба;business;0.0;0.0;0.0;0.5;0.25;0.25
взволнованная, мужу;delivery;0.0;0.0;0.0;0.3333333333333333;0.0;0.0
вздохнув;delivery;0.0;0.0;0.0;0.0;0.0;0.0
вздыхает;delivery;0.0;0.0;0.0;0.0;0.0;1.0
вздыхает;business;0.0;0.0;0.0;0.0;0.0;1.0
вместо шляпы хочет надеть бумажный футляр;business;0.16666666666666666;0.0;0.0;0.3333333333333333;0.16666666666666666;0.3333333333333333
внезапно застыдившись своего неожиданного появления, прячется обратно за занавес;exit;0.2;0.2;0.0;0.2;0.1;0.1
во время чтения;delivery;0.0;0.0;0.0;0.6666666666666666;0.3333333333333333;0.0
возвращается и, отворивши дверь, кричит вслед ему;business;0.0;0.1111111111111111;0.0;0.1111111111111111;0.0;0.2222222222222222
возвращается с подносом, на котором рюмка водки и кусочек хлеба;business;0.09090909090909093;0.0;0.0;0.4545454545454545;0.18181818181818185;0.09090909090909093
возвращается, ставит свечу на стол;mixed;0.0;0.0;0.0;0.3333333333333333;0.16666666666666666;0.3333333333333333
возвращаясь;business;0.0;0.0;0.0;0.0;0.0;0.0
войницкий, соня (сидят) и елена андреевна (ходит по сцене, о чем-то думая;setting;0.05263157894736842;0.0;0.0;0.21052631578947367;0.10526315789473684;0.10526315789473684
войницкому;delivery;1.0;0.0;0.0;0.0;0.0;0.0
волнуясь;delivery;0.0;0.0;0.0;0.0;0.0;0.0
ворочая листы;delivery;0.0;0.0;0.0;0.5;0.0;0.0
вошед;entrance;0.0;0.0;0.0;1.0;0.0;0.0
все молчат. большов пьет;business;0.2;0.0;0.0;0.2;0.0;0.4
все обступают их;business;0.3333333333333333;0.0;0.0;0.0;0.0;0.3333333333333333
все приступают к нему;business;0.25;0.0;0.0;0.0;0.25;0.25
все усаживаются вокруг обоих петров ивановичей;business;0.16666666666666666;0.16666666666666666;0.0;0.3333333333333333;0.0;0.16666666666666666
все уходят;exit;0.5;0.0;0.0;0.0;0.0;0.5
все хохочут;business;0.5;0.0;0.0;0.0;0.0;0.5
вскакивает со стула;business;0.0;0.0;0.0;0.3333333333333333;0.3333333333333333;0.3333333333333333
вскрикивает, подпрыгивает от радости;business;0.0;0.0;0.0;0.2;0.2;0.4
вслух;delivery;0.0;1.0;0.0;0.0;0.0;0.0
вслух, вытянувшись и придерживая рукою шпагу;business;0.0;0.14285714285714285;0.0;0.2857142857142857;0.0;0.0
всматривается в окно и вскрикивает;business;0.0;0.0;0.0;0.2;0.2;0.4
вставая;business;0.0;0.0;0.0;0.0;0.0;0.0
встает;business;0.0;0.0;0.0;0.0;0.0;1.0
встает в негодовании;business;0.0;0.0;0.0;0.3333333333333333;0.3333333333333333;0.3333333333333333
встает и охорашивается перед зеркалом;business;0.0;0.0;0.0;0.2;0.2;0.4
встает, вытягивается и придерживает шпагу;business;0.0;0.0;0.0;0.16666666666666666;0.0;0.5
встают и уходят все, кроме липочки, подхалюзина и аграфены кондратьевны;exit;0.08333333333333333;0.0;0.0;0.3333333333333333;0.08333333333333333;0.16666666666666666
вся сцена происходит вполголоса;delivery;0.25;0.25;0.0;0.25;0.0;0.25
второй мистик поднимает свечу. совершенно неожиданно и непонятно откуда, появляется у стола необыкновенно красивая девушка с простым и тихим лицом матовой белизны. она в белом. равнодушен взор спокойных глаз. за плечами лежит заплетенная коса. девушка стоит неподвижно. восторженный пьеро молитвенно опускается на колени. заметно, что слезы душат его. все для него — неизреченно. мистики в ужасе откинулись на спинки стульев. у одного беспомощно болтается нога. другой производит странные движения рукой. третий выкатил глаза. через некоторое время очнувшись, громко шепчут:;mixed;0.15625;0.10416666666666667;0.0;0.25;0.10416666666666667;0.11458333333333333
второй наклоняется и что-то шепчет на ухо первому;business;0.1;0.0;0.0;0.2;0.1;0.2
входит;entrance;0.0;0.0;0.0;0.0;0.0;1.0
"входит астров в сюртуке, без жилета и без галстука; он навеселе; за ним телегин с гитарой";entrance;0.05263157894736842;0.05263157894736842;0.0;0.2631578947368421;0.2631578947368421;0.05263157894736842
входит большов;entrance;0.0;0.0;0.0;0.5;0.0;0.5
входит в боковую комнату, за ним городничий;exit;0.125;0.0;0.0;0.25;0.25;0.125
входит войницкий;entrance;0.5;0.0;0.0;0.0;0.0;0.5
входит войницкий в халате и со свечой;entrance;0.14285714285714285;0.0;0.0;0.2857142857142857;0.2857142857142857;0.14285714285714285
входит елена андреевна;entrance;0.0;0.0;0.0;0.6666666666666666;0.0;0.3333333333333333
"входит и садится на кресло; несколько времени смотрит по углам и зевает";business;0.0;0.07692307692307693;0.0;0.2307692307692308;0.15384615384615385;0.3076923076923077
входит марина со свечой;entrance;0.0;0.0;0.0;0.5;0.25;0.25
входит мария васильевна;entrance;0.0;0.0;0.0;0.6666666666666666;0.0;0.3333333333333333
входит на цыпочках;entrance;0.0;0.0;0.0;0.3333333333333333;0.3333333333333333;0.3333333333333333
входит работник;entrance;0.0;0.0;0.0;0.5;0.0;0.5
входит с картограммой;entrance;0.0;0.0;0.0;0.3333333333333333;0.3333333333333333;0.3333333333333333
входит со штофом;entrance;0.0;0.0;0.0;0.3333333333333333;0.3333333333333333;0.3333333333333333
входит соня;entrance;0.0;0.0;0.0;0.5;0.0;0.5
входит тишка;entrance;0.0;0.0;0.0;0.5;0.0;0.5
входит тишка с трубкой;entrance;0.0;0.0;0.0;0.5;0.25;0.25
входя;entrance;0.0;0.0;0.0;0.0;0.0;0.0
входя и останавливаясь, про себя;mixed;0.0;0.0;0.0;0.0;0.16666666666666666;0.0
входят осторожно, почти на цыпочках: аммос федорович, артемий филиппович , почтмейстер, лука лукич, добчинский и бобчинский, в полном параде и мундирах;entrance;0.07407407407407407;0.07407407407407407;0.0;0.4074074074074074;0.07407407407407407;0.037037037037037035
входят серебряков, войницкий, мария васильевна с книгой, телегин и соня;entrance;0.07692307692307693;0.0;0.0;0.4615384615384616;0.07692307692307693;0.07692307692307693
входят серебряков, соня, телегин и марина;entrance;0.0;0.0;0.0;0.5;0.0;0.125
входят со двора войницкий и астров;entrance;0.3333333333333333;0.0;0.0;0.16666666666666666;0.16666666666666666;0.16666666666666666
"входят соня и елена андреевна ; немного погодя входит мария васильевна с книгой; она садится и читает; ей дают чаю, и она пьет не глядя";mixed;0.0;0.07142857142857142;0.0;0.25;0.03571428571428571;0.21428571428571427
выглядывает в дверь и в испуге прячется;business;0.0;0.0;0.0;0.2857142857142857;0.2857142857142857;0.2857142857142857
выглядывает из дверей;entrance;0.0;0.0;0.0;0.3333333333333333;0.3333333333333333;0.3333333333333333
выглянул из дверей, произнесши: «сейчас»;business;0.0;0.1111111111111111;0.0;0.1111111111111111;0.1111111111111111;0.1111111111111111
вынимает;business;0.0;0.0;0.0;0.0;0.0;1.0
вынимает бумажник и дает ей ассигнацию;business;0.0;0.0;0.0;0.3333333333333333;0.0;0.3333333333333333
вынимает и подает, дрожа, ассигнации;business;0.0;0.0;0.0;0.14285714285714285;0.0;0.2857142857142857
вынимает и считает;business;0.0;0.0;0.0;0.0;0.0;0.6666666666666666
вынимает из бумажника;business;0.0;0.0;0.0;0.3333333333333333;0.3333333333333333;0.3333333333333333
вынимают деньги;business;0.0;0.0;0.0;0.5;0.0;0.5
вынимая из кармана и подавая;business;0.0;0.0;0.0;0.2;0.2;0.0
выпивает рюмку;business;0.0;0.0;0.0;0.5;0.0;0.5
выпровожает их;business;0.0;0.0;0.0;0.0;0.0;0.5
выпровожает старуху;business;0.0;0.0;0.0;0.5;0.0;0.5
высовывая понемногу вперед сжатый кулак. в сторону;business;0.125;0.25;0.0;0.25;0.125;0.0
высунувшаяся из-за занавеса рука хватает автора за шиворот. он с криком исчезает за кулисой. занавес быстро раздергивается;exit;0.0;0.047619047619047616;0.0;0.3333333333333333;0.2380952380952381;0.14285714285714285
вытирает ему платком слезы;business;0.0;0.0;0.0;0.5;0.0;0.25
вытирает рот салфеткой;business;0.0;0.0;0.0;0.6666666666666666;0.0;0.3333333333333333
вытирая лицо;business;0.0;0.0;0.0;0.5;0.0;0.0
вытягиваясь и представляя лакея):;business;0.0;0.0;0.0;0.2;0.0;0.0
вытягиваясь и придерживая шпагу;business;0.0;0.0;0.0;0.25;0.0;0.0
вытягиваясь не без трепета и придерживая шпагу;business;0.0;0.0;0.0;0.2857142857142857;0.14285714285714285;0.0
вытянувшись и дрожа всем телом;business;0.2;0.0;0.0;0.2;0.0;0.0
выхватываются несколько восклицаний: «ай, ай!» – наконец все выпираются, и комната остается пуста;business;0.1111111111111111;0.1111111111111111;0.1111111111111111;0.1111111111111111;0.0;0.16666666666666666
выходит и говорит за сценой;exit;0.0;0.0;0.0;0.2;0.2;0.4
"выходит из дому; он выспался после завтрака и имеет помятый вид; садится на скамью, поправляет свой щегольской галстук";entrance;0.14285714285714285;0.0;0.0;0.2380952380952381;0.14285714285714285;0.2380952380952381
выходят;exit;0.0;0.0;0.0;0.0;0.0;1.0
вяло;delivery;0.0;1.0;0.0;0.0;0.0;0.0
гладит ее по голове;business;0.0;0.0;0.0;0.25;0.25;0.25
глядит в окно;business;0.0;0.0;0.0;0.3333333333333333;0.3333333333333333;0.3333333333333333
глядит ей в глаза и грозит пальцем;business;0.0;0.0;0.0;0.2857142857142857;0.14285714285714285;0.2857142857142857
глядя в глаза ему, говорит про себя;business;0.0;0.0;0.0;0.125;0.25;0.125
глядя в окно;business;0.0;0.0;0.0;0.3333333333333333;0.3333333333333333;0.0
глядя на дверь;business;0.0;0.0;0.0;0.3333333333333333;0.3333333333333333;0.0
глядя на среднюю дверь, с сердцем;delivery;0.14285714285714285;0.0;0.0;0.2857142857142857;0.2857142857142857;0.0
гневно;delivery;0.0;1.0;0.0;0.0;0.0;0.0
говорит скоро;delivery;0.0;0.5;0.0;0.0;0.0;0.5
говорит сталверху нечто на ухо, сталверх выходит, а кий потом;mixed;0.0;0.08333333333333333;0.0;0.3333333333333333;0.08333333333333333;0.16666666666666666
голос фоминишны за сценой: «тишка, а тишка! долго ль мне кричать-то?»;setting;0.05555555555555555;0.05555555555555555;0.0;0.2222222222222222;0.05555555555555555;0.05555555555555555
голосом вовсе не решительным и не громким, очень близким к просьбе;delivery;0.16666666666666666;0.16666666666666666;0.0;0.25;0.08333333333333333;0.0
голосом, еще неуспокоившимся;delivery;0.0;0.0;0.0;0.25;0.0;0.0
городничему;delivery;0.0;0.0;0.0;1.0;0.0;0.0
городничий и все садятся;business;0.25;0.0;0.0;0.25;0.0;0.25
городничий и добчинский садятся. бобчинский выглядывает в дверь и прислушивается;business;0.09090909090909093;0.0;0.0;0.2727272727272727;0.09090909090909093;0.2727272727272727
городничий и прочие с робостью встают с своих стульев;business;0.2222222222222222;0.0;0.0;0.3333333333333333;0.2222222222222222;0.1111111111111111
городничий и прочие трясутся от страха. хлестаков горячится сильнее;business;0.2;0.0;0.0;0.3;0.1;0.2
"городничий посередине в виде столба, с распростертыми руками и закинутою назад головою. по правую сторону его жена и дочь с устремившимся к нему движеньем всего тела; за ними почтмейстер, превратившийся в вопросительный знак, обращенный к зрителям; за ним лука лукич, потерявшийся самым невинным образом; за ним, у самого края сцены, три дамы, гостьи, прислонившиеся одна к другой с самым сатирическим выраженьем лица, относящимся прямо к семейству городничего. по левую сторону городничего: земляника, наклонивший голову несколько набок, как будто к чему-то прислушивающийся; за ним судья с растопыренными руками, присевший почти до земли и сделавший движенье губами, как бы хотел посвистать или произнесть: «вот тебе, бабушка, и юрьев день!» за ним коробкин, обратившийся к зрителям с прищуренным глазом и едким намеком на городничего; за ним, у самого края сцены, бобчинский и добчинский с устремившимися движеньями рук друг к другу, разинутыми ртами и выпученными друг на друга глазами. прочие гости остаются просто столбами. почти полторы минуты окаменевшая группа сохраняет такое положение. занавес опускается";setting;0.07692307692307693;0.04102564102564103;0.0;0.3025641025641025;0.14358974358974358;0.02564102564102564
городничий, анна андреевна и марья антоновна;setting;0.0;0.0;0.0;0.7142857142857143;0.0;0.0
городничий, бобчинский, добчинский и квартальный;modifier;0.2857142857142857;0.0;0.0;0.2857142857142857;0.0;0.0
городничий, попечитель богоугодных заведений, смотритель училищ, судья, частный пристав, лекарь, два квартальных;setting;0.16666666666666666;0.0;0.0;0.3888888888888889;0.0;0.0
городничий, хлестаков, добчинский;modifier;0.0;0.0;0.0;0.6;0.0;0.0
гости садятся;business;0.0;0.0;0.0;0.5;0.0;0.5
гости усаживаются;business;0.0;0.0;0.0;0.5;0.0;0.5
гостиная в доме большова;setting;0.25;0.0;0.0;0.5;0.25;0.0
гостиная в доме серебрякова. три двери: направо, налево и посредине. – день;setting;0.0625;0.1875;0.0;0.25;0.0625;0.0
грозит самому себе кулаком;business;0.25;0.0;0.0;0.25;0.0;0.25
громким, но не столь решительным голосом;delivery;0.2857142857142857;0.14285714285714285;0.0;0.14285714285714285;0.0;0.0
громко и скоро;delivery;0.0;0.6666666666666666;0.0;0.0;0.0;0.0
дает деньги;business;0.0;0.0;0.0;0.5;0.0;0.5
дает осипу письмо;business;0.0;0.0;0.0;0.6666666666666666;0.0;0.3333333333333333
"дверь отворяется, и выставляется какая-то фигура во фризовой шинели, с небритою бородою, раздутою губою и перевязанною щекою; за нею в перспективе показывается несколько других";setting;0.16666666666666666;0.03333333333333333;0.0;0.26666666666666666;0.13333333333333333;0.1
декорация первого действия;setting;0.0;0.0;0.0;1.0;0.0;0.0
делает гримасу;business;0.0;0.0;0.0;0.5;0.0;0.5
делает нос;business;0.0;0.0;0.0;0.5;0.0;0.5
делая бобчинскому укорительный знак, хлестакову;delivery;0.3333333333333333;0.0;0.0;0.3333333333333333;0.0;0.0
добчинскому;delivery;0.0;0.0;0.0;1.0;0.0;0.0
достает из буфета бутылку;business;0.0;0.0;0.0;0.5;0.25;0.25
достает из стола баночку и подает ее астрову;business;0.0;0.0;0.0;0.375;0.125;0.25
дочери;delivery;0.0;0.0;0.0;1.0;0.0;0.0
дразнит его;business;0.0;0.0;0.0;0.0;0.0;0.5
дрожа;business;0.0;0.0;0.0;0.0;0.0;0.0
дрожа всем телом;business;0.3333333333333333;0.0;0.0;0.3333333333333333;0.0;0.0
другую;business;1.0;0.0;0.0;0.0;0.0;0.0
дурно вальсируя;business;0.0;0.5;0.0;0.0;0.0;0.0
дяде;delivery;0.0;0.0;0.0;1.0;0.0;0.0
единому из воинов;delivery;0.3333333333333333;0.0;0.0;0.3333333333333333;0.3333333333333333;0.0
елена андреевна и войницкий борются в дверях;business;0.14285714285714285;0.0;0.0;0.42857142857142855;0.14285714285714285;0.14285714285714285
елена андреевна обнимает соню;business;0.0;0.0;0.0;0.75;0.0;0.25
елена андреевна отходит и садится поодаль;business;0.0;0.16666666666666666;0.0;0.3333333333333333;0.0;0.3333333333333333
елена андреевна утвердительно кивает головой;business;0.0;0.2;0.0;0.6;0.0;0.2
"елена андреевна, серебряков и соня уходят в дом; телегин идет к столу и садится возле марины";mixed;0.0;0.05555555555555555;0.0;0.4444444444444444;0.1111111111111111;0.16666666666666666
елене андреевне;delivery;0.0;0.0;0.0;1.0;0.0;0.0
ест;business;0.0;0.0;0.0;0.0;0.0;1.0
еще в дверях;location;0.0;0.0;0.0;0.3333333333333333;0.3333333333333333;0.0
еще несколько гостей, подходящих к ручкам, лука лукич с женою;setting;0.08333333333333333;0.08333333333333333;0.0;0.4166666666666667;0.16666666666666666;0.0
жадно целует ее руки и лицо;business;0.0;0.16666666666666666;0.0;0.3333333333333333;0.0;0.16666666666666666
жене;delivery;0.0;0.0;0.0;1.0;0.0;0.0
жене и дочери;delivery;0.0;0.0;0.0;0.6666666666666666;0.0;0.0
жест нетерпения;business;0.0;0.0;0.0;1.0;0.0;0.0
живо;delivery;0.0;1.0;0.0;0.0;0.0;0.0
за дверью;location;0.0;0.0;0.0;0.5;0.5;0.0
за дверями;location;0.0;0.0;0.0;0.5;0.5;0.0
за сценой :;business;0.0;0.0;0.0;0.3333333333333333;0.3333333333333333;0.0
"за сценой выстрел: слышно, как вскрикивает ; соня вздрагивает";mixed;0.09090909090909093;0.0;0.0;0.2727272727272727;0.09090909090909093;0.18181818181818185
загораживая ей дорогу;business;0.0;0.0;0.0;0.3333333333333333;0.0;0.0
загораживая серебрякову дорогу;business;0.0;0.0;0.0;0.6666666666666666;0.0;0.0
задумывается;business;0.0;0.0;0.0;0.0;0.0;1.0
зажигает на столе лампу;business;0.0;0.0;0.0;0.5;0.25;0.25
зажмуривает глаза и нюхает;business;0.0;0.0;0.0;0.25;0.0;0.5
заикается;delivery;0.0;0.0;0.0;0.0;0.0;1.0
закручивая свои длинные усы;business;0.5;0.0;0.0;0.25;0.0;0.0
закрывает;business;0.0;0.0;0.0;0.0;0.0;1.0
закрывает ему рот;business;0.0;0.0;0.0;0.3333333333333333;0.0;0.3333333333333333
закрывает лицо руками;business;0.0;0.0;0.0;0.6666666666666666;0.0;0.3333333333333333
закрывает пальцем;business;0.0;0.0;0.0;0.5;0.0;0.5
закрывает рукой глаза и вздрагивает;business;0.0;0.0;0.0;0.4;0.0;0.4
заливается и помирает со смеху;business;0.0;0.0;0.0;0.2;0.2;0.4
замахивается;business;0.0;0.0;0.0;0.0;0.0;1.0
занавес опускается;setting;0.0;0.0;0.0;0.5;0.0;0.5
запальчиво;delivery;1.0;0.0;0.0;0.0;0.0;0.0
защищая рукою кушанье;business;0.0;0.0;0.0;0.6666666666666666;0.0;0.0
звонит;business;0.0;0.0;0.0;0.0;0.0;1.0
звонким, детским голосом;delivery;0.5;0.0;0.0;0.25;0.0;0.0
зевает;business;0.0;0.0;0.0;0.0;0.0;1.0
зевает и смотрит по углам;business;0.0;0.0;0.0;0.2;0.2;0.4
злой смех;business;0.5;0.0;0.0;0.5;0.0;0.0
значительно поднимает палец вверх;business;0.0;0.5;0.0;0.25;0.0;0.25
идет и останавливается возле двери;business;0.0;0.2;0.0;0.2;0.0;0.4
идет к выходу вслед за пьеро;exit;0.0;0.16666666666666666;0.0;0.3333333333333333;0.3333333333333333;0.16666666666666666
идет к двери;business;0.0;0.0;0.0;0.3333333333333333;0.3333333333333333;0.3333333333333333
идет к дому;business;0.0;0.0;0.0;0.3333333333333333;0.3333333333333333;0.3333333333333333
идет к няне и целует ее в голову;business;0.0;0.0;0.0;0.25;0.25;0.25
идет на лестницу;business;0.0;0.0;0.0;0.3333333333333333;0.3333333333333333;0.3333333333333333
идет навстречу самсону силычу и бросается к нему в объятия;business;0.0;0.1;0.0;0.3;0.2;0.2
идет проститься;business;0.0;0.0;0.0;0.0;0.0;1.0
идут в дом;exit;0.0;0.0;0.0;0.3333333333333333;0.3333333333333333;0.3333333333333333
идя за нею;delivery;0.0;0.0;0.0;0.3333333333333333;0.3333333333333333;0.0
из двери;location;0.0;0.0;0.0;0.5;0.5;0.0
испугавшись;business;0.0;0.0;0.0;0.0;0.0;0.0
испуганно;delivery;0.0;1.0;0.0;0.0;0.0;0.0
испуганно;business;0.0;1.0;0.0;0.0;0.0;0.0
исчезают в вихре плащей. кажется, за ними вырвался из толпы кто-то третий, совершенно подобный влюбленному, весь — как гибкий язык черного пламени. в среде танцующих обнаружилась третья пара влюбленных. они сидят посреди сцены. средневековье. задумчиво склонившись, она следит за его движениями. — он, весь в строгих линиях, большой и задумчивый, в картонном шлеме,- чертит перед ней на полу круг огромным деревянным мечом;mixed;0.16666666666666666;0.038461538461538464;0.0;0.20512820512820512;0.1153846153846154;0.07692307692307693
ищет в буфете;business;0.0;0.0;0.0;0.3333333333333333;0.3333333333333333;0.3333333333333333
ищет глазами фуражку;business;0.0;0.0;0.0;0.6666666666666666;0.0;0.3333333333333333
к аграфене кондратьевне;delivery;0.0;0.0;0.0;0.6666666666666666;0.3333333333333333;0.0
к городничему и добчинскому;delivery;0.0;0.0;0.0;0.5;0.25;0.0
к зрителям;delivery;0.0;0.0;0.0;0.5;0.5;0.0
к ней;delivery;0.0;0.0;0.0;0.0;0.5;0.0
к нему;delivery;0.0;0.0;0.0;0.0;0.5;0.0
к осипу;delivery;0.0;0.0;0.0;0.5;0.5;0.0
к публике;delivery;0.0;0.0;0.0;0.5;0.5;0.0
к тишке;delivery;0.0;0.0;0.0;0.5;0.5;0.0
как тихое и внятное эхо;delivery;0.4;0.0;0.0;0.2;0.0;0.0
"квартальные отворяют обе половинки дверей. входит хлестаков ; за ним городничий , далее попечитель богоугодных заведений, смотритель училищ, добчинский и бобчинский с пластырем на носу. городничий указывает квартальным на полу бумажку – они бегут и снимают ее, толкая друг друга впопыхах";setting;0.08695652173913042;0.043478260869565216;0.0;0.3478260869565217;0.08695652173913042;0.10869565217391304
квартальный бежит впопыхах;business;0.3333333333333333;0.3333333333333333;0.0;0.0;0.0;0.3333333333333333
квартальный уходит;exit;0.5;0.0;0.0;0.0;0.0;0.5
кий и астрада;modifier;0.0;0.0;0.0;0.6666666666666666;0.0;0.0
кий и сталверх;modifier;0.0;0.0;0.0;0.6666666666666666;0.0;0.0
кий и сталверх с кубком;modifier;0.0;0.0;0.0;0.6;0.2;0.0
кий и хорев;modifier;0.3333333333333333;0.0;0.0;0.3333333333333333;0.0;0.0
кий, велькар с завлоховым мечем и несколько воинов с ним;modifier;0.09090909090909093;0.09090909090909093;0.0;0.2727272727272727;0.18181818181818185;0.09090909090909093
кий, сталверх и два стража;modifier;0.0;0.0;0.0;0.5;0.0;0.0
кий, сталверх и оснельда;modifier;0.0;0.0;0.0;0.6;0.0;0.0
кий, хорев, завлох, велькар и воины;modifier;0.1111111111111111;0.0;0.0;0.4444444444444444;0.0;0.0
кладет астрову голову на грудь;business;0.0;0.0;0.0;0.6;0.2;0.2
кладет баночку в аптеку и затягивает ремни;business;0.0;0.0;0.0;0.42857142857142855;0.14285714285714285;0.2857142857142857
"кладет букет на стул; волнуясь, вытирает платком лицо и за воротником";business;0.0;0.0;0.0;0.38461538461538464;0.15384615384615385;0.15384615384615385
кладет бумажник на стол;business;0.0;0.0;0.0;0.5;0.25;0.25
кладет ей голову на грудь;business;0.0;0.0;0.0;0.4;0.2;0.2
кланяется;business;0.0;0.0;0.0;0.0;0.0;1.0
кланяются в ноги;business;0.0;0.0;0.0;0.3333333333333333;0.3333333333333333;0.3333333333333333
кланяясь;business;0.0;0.0;0.0;0.0;0.0;0.0
кланяясь в ноги;business;0.0;0.0;0.0;0.3333333333333333;0.3333333333333333;0.0
ковыряет пальцем в зубах;business;0.0;0.0;0.0;0.5;0.25;0.25
колокольчик звенит. занавес опускается;setting;0.0;0.0;0.0;0.4;0.0;0.4
"комната ивана петровича; тут его спальня, тут же и контора имения. у окна большой стол с приходо-расходными книгами и бумагами всякого рода, конторка, шкапы, весы. стол поменьше для астрова; на этом столе принадлежности для рисования, краски; возле папка. клетка со скворцом. на стене карта африки, видимо, никому здесь не нужная. громадный диван, обитый клеенкой. налево – дверь, ведущая в покои; направо – дверь в сени; подле правой двери положен половик, чтобы не нагрязнили мужики. – осенний вечер. тишина";setting;0.10679611650485436;0.07766990291262135;0.0;0.3495145631067961;0.08737864077669902;0.009708737864077669
конец трагедии;mixed;0.0;0.0;0.0;1.0;0.0;0.0
контора в доме большова. прямо дверь, на левой стороне лестница наверх;setting;0.07692307692307693;0.15384615384615385;0.0;0.4615384615384616;0.15384615384615385;0.0
коробкину;delivery;0.0;0.0;0.0;1.0;0.0;0.0
крепко пожимает руку;business;0.0;0.3333333333333333;0.0;0.3333333333333333;0.0;0.3333333333333333
крепко целует руку у елены андреевны;business;0.0;0.16666666666666666;0.0;0.5;0.16666666666666666;0.16666666666666666
кричит;delivery;0.0;0.0;0.0;0.0;0.0;1.0
кричит в окно;delivery;0.0;0.0;0.0;0.3333333333333333;0.3333333333333333;0.3333333333333333
кричит до тех пор, пока не опускается занавес. так занавес и закрывает их обеих, стоящих у окна;business;0.1;0.05;0.0;0.2;0.1;0.15
кричит сердито;delivery;0.0;0.5;0.0;0.0;0.0;0.5
купцы уходят;exit;0.0;0.0;0.0;0.5;0.0;0.5
купцы уходят. слышен голос женщины: «нет, ты не смеешь не допустить меня! я на тебя нажалуюсь ему самому. ты не толкайся так больно!»;setting;0.06666666666666668;0.03333333333333333;0.0;0.1;0.03333333333333333;0.16666666666666666
кутает ему ноги;business;0.0;0.0;0.0;0.3333333333333333;0.0;0.3333333333333333
лежит на барской постеле;setting;0.25;0.25;0.0;0.0;0.25;0.25
лезет на стул коленками и смотрит в зеркало;business;0.0;0.0;0.0;0.375;0.25;0.25
летит вон почти бегом и говорит в сторону;delivery;0.0;0.375;0.0;0.125;0.125;0.25
липочка и аграфена кондратьевна;modifier;0.0;0.0;0.0;0.75;0.0;0.0
липочка и лазарь встают;business;0.0;0.0;0.0;0.5;0.0;0.25
липочка и лазарь целуются;business;0.0;0.0;0.0;0.5;0.0;0.25
липочка и подхалюзин;modifier;0.0;0.0;0.0;0.6666666666666666;0.0;0.0
липочка плачет;business;0.0;0.0;0.0;0.5;0.0;0.5
липочка плачет громче и потом рыдает;business;0.16666666666666666;0.16666666666666666;0.0;0.16666666666666666;0.0;0.3333333333333333
ломая руки;business;0.0;0.0;0.0;0.5;0.0;0.0
лука лукич молчит;business;0.0;0.0;0.0;0.6666666666666666;0.0;0.3333333333333333
лука лукич находится в совершенном недоумении, что сказать;modifier;0.1111111111111111;0.0;0.0;0.3333333333333333;0.1111111111111111;0.2222222222222222
лука лукич пробует закурить и весь дрожит;business;0.14285714285714285;0.0;0.0;0.2857142857142857;0.0;0.42857142857142855
луке лукичу;delivery;0.0;0.0;0.0;1.0;0.0;0.0
марина (сырая, малоподвижная старушка, сидит у самовара, нижет чулок) и астров (ходит возле;modifier;0.15789473684210525;0.05263157894736842;0.0;0.21052631578947367;0.05263157894736842;0.15789473684210525
марине;delivery;0.0;0.0;0.0;1.0;0.0;0.0
марине и телегину;delivery;0.0;0.0;0.0;0.6666666666666666;0.0;0.0
мария васильевна идет за ним;exit;0.0;0.0;0.0;0.4;0.2;0.2
марья антоновна уходит в слезах;exit;0.0;0.0;0.0;0.6;0.2;0.2
махнув рукой;business;0.0;0.0;0.0;0.5;0.0;0.0
махнув рукою;business;0.0;0.0;0.0;0.5;0.0;0.0
махнул рукой;business;0.0;0.0;0.0;0.5;0.0;0.5
машет платком;business;0.0;0.0;0.0;0.5;0.0;0.5
машет рукою;business;0.0;0.0;0.0;0.5;0.0;0.5
медленно входит;entrance;0.0;0.5;0.0;0.0;0.0;0.5
мечтательно;delivery;0.0;1.0;0.0;0.0;0.0;0.0
мешает ему;business;0.0;0.0;0.0;0.0;0.0;0.5
мешая ей говорить;delivery;0.0;0.0;0.0;0.0;0.0;0.3333333333333333
мешая ей говорить, живо;delivery;0.0;0.2;0.0;0.0;0.0;0.2
мистики некоторое время молчат;business;0.25;0.0;0.0;0.5;0.0;0.25
мишка входит;entrance;0.0;0.0;0.0;0.5;0.0;0.5
мишка и осип;modifier;0.0;0.0;0.0;0.6666666666666666;0.0;0.0
множество гостей в сюртуках и фраках подходят сначала к ручке анны андреевны, говоря: «анна андреевна!» – потом к марье антоновне, говоря: «марья антоновна!»;setting;0.0;0.06451612903225806;0.0;0.41935483870967744;0.0967741935483871;0.03225806451612903
молния;setting;0.0;0.0;0.0;1.0;0.0;0.0
молчание;delivery;0.0;0.0;0.0;1.0;0.0;0.0
молчание;business;0.0;0.0;0.0;1.0;0.0;0.0
мужу;delivery;0.0;0.0;0.0;1.0;0.0;0.0
надевает очки и просматривает;business;0.0;0.0;0.0;0.25;0.0;0.5
надевает очки и читает;delivery;0.0;0.0;0.0;0.25;0.0;0.5
наливает;business;0.0;0.0;0.0;0.0;0.0;1.0
наливает вина и подходит к рисположенскому. рисположенский кланяется и отказывается;business;0.18181818181818185;0.0;0.0;0.09090909090909093;0.09090909090909093;0.3636363636363637
наливает стакан;business;0.0;0.0;0.0;0.5;0.0;0.5
наливает суп и ест;business;0.0;0.0;0.0;0.25;0.0;0.5
наливает чай;business;0.0;0.0;0.0;0.0;0.0;1.0
написавши, отдает добчинскому, который подходит к двери, но в это время дверь обрывается и подслушивавший с другой стороны бобчинский летит вместе с нею на сцену. все издают восклицания. бобчинский подымается;mixed;0.14285714285714285;0.028571428571428567;0.0;0.22857142857142854;0.14285714285714285;0.17142857142857146
насвистывает сначала из «роберта», потом «не шей ты мне, матушка», а наконец ни се ни то;business;0.0;0.14285714285714285;0.0;0.14285714285714285;0.047619047619047616;0.047619047619047616
начинает писать;business;0.0;0.0;0.0;0.0;0.0;1.0
нашел фуражку;business;0.0;0.0;0.0;0.5;0.0;0.5
не видя войницкого;business;0.3333333333333333;0.0;0.0;0.0;0.0;0.0
не давая письма;business;0.0;0.0;0.0;0.3333333333333333;0.0;0.0
не пускает ее;business;0.0;0.0;0.0;0.0;0.0;0.3333333333333333
не сразу;business;0.0;0.5;0.0;0.0;0.0;0.0
нежно;delivery;0.0;1.0;0.0;0.0;0.0;0.0
немного оправившись и протянув руки по швам;business;0.0;0.14285714285714285;0.0;0.2857142857142857;0.14285714285714285;0.0
немного отошел;business;0.0;0.5;0.0;0.0;0.0;0.5
немного отступя от окна, с досадою;delivery;0.0;0.2857142857142857;0.0;0.2857142857142857;0.2857142857142857;0.0
немного погодя входит: он уже в жилетке и галстуке;entrance;0.0;0.3;0.0;0.2;0.1;0.1
немного подумав;business;0.0;0.5;0.0;0.0;0.0;0.0
нервно;delivery;0.0;1.0;0.0;0.0;0.0;0.0
нервно перебирает на столе бумаги;business;0.0;0.2;0.0;0.4;0.2;0.2
нерешительно;delivery;0.0;1.0;0.0;0.0;0.0;0.0
нехотя принимает стакан;business;0.0;0.3333333333333333;0.0;0.3333333333333333;0.0;0.3333333333333333
низко кланяется;business;0.0;0.5;0.0;0.0;0.0;0.5
няня садится и вяжет чулок;business;0.0;0.0;0.0;0.4;0.0;0.4
няня уходит, елена андреевна берет свою чашку и пьет, сидя на качелях;mixed;0.07142857142857142;0.0;0.0;0.35714285714285715;0.07142857142857142;0.21428571428571427
оба несут чемодан в боковую комнату;business;0.16666666666666666;0.0;0.0;0.3333333333333333;0.16666666666666666;0.16666666666666666
оба петра ивановича забегают на цыпочках;entrance;0.0;0.0;0.0;0.5;0.16666666666666666;0.16666666666666666
оба пишут молча;business;0.0;0.3333333333333333;0.0;0.0;0.0;0.3333333333333333
оба подходят в одно время и сталкиваются лбами;business;0.125;0.0;0.0;0.25;0.125;0.25
оба прислушиваются;business;0.0;0.0;0.0;0.0;0.0;0.5
оба садятся;business;0.0;0.0;0.0;0.0;0.0;0.5
оба стоят у буфета и едят;business;0.0;0.0;0.0;0.16666666666666666;0.16666666666666666;0.3333333333333333
оба уходят;exit;0.0;0.0;0.0;0.0;0.0;0.5
оба уходят в дом;exit;0.0;0.0;0.0;0.25;0.25;0.25
обе взволнованы;business;0.0;0.0;0.0;0.0;0.0;0.0
обе смотрят в окно;business;0.0;0.0;0.0;0.25;0.25;0.25
обнимает его;business;0.0;0.0;0.0;0.0;0.0;0.5
обнимает его порывисто, и оба тотчас же быстро отходят друг от друга;business;0.0;0.2307692307692308;0.0;0.15384615384615385;0.07692307692307693;0.15384615384615385
обнимает ее;business;0.0;0.0;0.0;0.0;0.0;0.5
обращаясь к бобчинскому;delivery;0.3333333333333333;0.0;0.0;0.0;0.3333333333333333;0.0
обращаясь к нему;delivery;0.0;0.0;0.0;0.0;0.3333333333333333;0.0
обращаясь к осипу;delivery;0.0;0.0;0.0;0.3333333333333333;0.3333333333333333;0.0
обращаясь ко всем;delivery;0.3333333333333333;0.0;0.0;0.0;0.3333333333333333;0.0
обтирает;business;0.0;0.0;0.0;0.0;0.0;1.0
общий поклон;business;0.5;0.0;0.0;0.5;0.0;0.0
общий ужас. руки всплеснулись. фалды сюртуков раскачиваются. председатель собрания торжественно подходит к пьеро;business;0.0625;0.0625;0.0;0.4375;0.0625;0.1875
обыкновенная театральная комната с тремя стенами, окном и дверью;setting;0.2;0.0;0.0;0.4;0.1;0.0
оглядывается, чтобы взглянуть на себя в зеркало;business;0.0;0.0;0.0;0.125;0.25;0.25
оглянувшись;business;0.0;0.0;0.0;0.0;0.0;0.0
один;modifier;1.0;0.0;0.0;0.0;0.0;0.0
один, выходит с заспанными глазами;entrance;0.3333333333333333;0.0;0.0;0.16666666666666666;0.16666666666666666;0.16666666666666666
одна;modifier;1.0;0.0;0.0;0.0;0.0;0.0
окидывает глазами комнату;business;0.0;0.0;0.0;0.6666666666666666;0.0;0.3333333333333333
окно хлопает от ветра;setting;0.0;0.0;0.0;0.5;0.25;0.25
олимпиада самсоновна выносит платье и отдает устинье наумовне;business;0.0;0.0;0.0;0.625;0.0;0.25
"олимпиада самсоновна сидит у окна в роскошном положении; на ней шелковая блуза, чепчик последнего фасона. подхалюзин в модном сюртуке стоит перед зеркалом. тишка за ним обдергивает и охорашивает";setting;0.125;0.0;0.0;0.34375;0.1875;0.125
олимпиада самсоновна уходит;exit;0.0;0.0;0.0;0.6666666666666666;0.0;0.3333333333333333
он кладет руку на плечо пьеро. — пьеро свалился навзничь и лежит без движения в белом балахоне. арлекин уводит коломбину за руку. она улыбнулась ему. общий упадок настроения. все безжизненно повисли на стульях. рукава сюртуков вытянулись и закрыли кисти рук, будто рук и не было. головы ушли в воротники. кажется, на стульях висят пустые сюртуки. вдруг пьеро вскочил и убежал. занавес сдвигается. в ту же минуту на подмостки перед занавесом выскакивает взъерошенный и взволнованный автор;mixed;0.045454545454545456;0.03409090909090909;0.0;0.3181818181818182;0.11363636363636365;0.17045454545454544
он не обратил внимания на автора. сидит и мечтательно вздыхает;business;0.0;0.09090909090909093;0.0;0.18181818181818185;0.09090909090909093;0.2727272727272727
он смущен;modifier;0.0;0.0;0.0;0.0;0.0;0.0
"он уходит; соня идет за ним со свечой, чтобы проводить его; марина садится в свое кресло";mixed;0.05263157894736842;0.0;0.0;0.21052631578947367;0.15789473684210525;0.21052631578947367
опускается головой на стол;business;0.0;0.0;0.0;0.5;0.25;0.25
освободившись, вбегает и ищет глазами серебрякова;entrance;0.0;0.0;0.0;0.2857142857142857;0.0;0.2857142857142857
осип и хлестаков;modifier;0.0;0.0;0.0;0.6666666666666666;0.0;0.0
осип уходит;exit;0.0;0.0;0.0;0.5;0.0;0.5
осипу;delivery;0.0;0.0;0.0;1.0;0.0;0.0
осматривает склянки на столе;business;0.0;0.0;0.0;0.5;0.25;0.25
оснельда и астрада;modifier;0.0;0.0;0.0;0.6666666666666666;0.0;0.0
оснельда и хорев;modifier;0.3333333333333333;0.0;0.0;0.3333333333333333;0.0;0.0
оставляя читать;business;0.0;0.0;0.0;0.0;0.0;0.5
останавливается;business;0.0;0.0;0.0;0.0;0.0;1.0
останавливается;delivery;0.0;0.0;0.0;0.0;0.0;1.0
остановясь;business;0.0;0.0;0.0;0.0;0.0;0.0
остаются только астров и войницкий;modifier;0.4;0.0;0.0;0.0;0.0;0.2
от испуга выронил сигару, плюнул и, махнув рукою, про себя;business;0.0;0.0;0.0;0.2307692307692308;0.15384615384615385;0.15384615384615385
отводя его руки;business;0.0;0.0;0.0;0.3333333333333333;0.0;0.0
отворяет дверь и говорит в дверь;business;0.0;0.0;0.0;0.3333333333333333;0.16666666666666666;0.3333333333333333
отворяя дверь;business;0.0;0.0;0.0;0.5;0.0;0.0
отдает письмо;business;0.0;0.0;0.0;0.5;0.0;0.5
отдает фуражку и тросточку;business;0.0;0.0;0.0;0.5;0.0;0.25
отдвигает стул;business;0.0;0.0;0.0;0.5;0.0;0.5
отдвигается;business;0.0;0.0;0.0;0.0;0.0;1.0
отдвигаясъ;business;0.0;0.0;0.0;1.0;0.0;0.0
открывает окна;business;0.0;0.0;0.0;0.5;0.0;0.5
отнимает руки;business;0.0;0.0;0.0;0.5;0.0;0.5
отнимает руку;business;0.0;0.0;0.0;0.5;0.0;0.5
отходя;business;0.0;0.0;0.0;0.0;0.0;0.0
отъемлет кинжал из рук ея;business;0.0;0.0;0.0;0.8;0.2;0.0
очнувшись;business;0.0;0.0;0.0;0.0;0.0;0.0
падает на колени;business;0.0;0.0;0.0;0.3333333333333333;0.3333333333333333;0.3333333333333333
пауза;business;0.0;0.0;0.0;1.0;0.0;0.0
пауза;setting;0.0;0.0;0.0;1.0;0.0;0.0
пауза. слышны бубенчики;setting;0.25;0.0;0.0;0.5;0.0;0.0
"пауза; слышны звонки";setting;0.25;0.0;0.0;0.5;0.0;0.0
"пауза; сторож в саду стучит и поет песню";mixed;0.0;0.0;0.0;0.4444444444444444;0.1111111111111111;0.2222222222222222
перебивая;delivery;0.0;0.0;0.0;0.0;0.0;0.0
переворачивает письмо и читает адрес;delivery;0.0;0.0;0.0;0.4;0.0;0.4
пишет;business;0.0;0.0;0.0;0.0;0.0;1.0
пишет и в то же время говорит про себя;business;0.0;0.0;0.0;0.1111111111111111;0.2222222222222222;0.2222222222222222
плача;business;0.0;0.0;0.0;0.0;0.0;0.0
плача;delivery;0.0;0.0;0.0;0.0;0.0;0.0
плачет;business;0.0;0.0;0.0;0.0;0.0;1.0
плачут обе вместе;business;0.0;0.3333333333333333;0.0;0.0;0.0;0.3333333333333333
плачущим голосом;delivery;0.5;0.0;0.0;0.5;0.0;0.0
плюет;business;0.0;0.0;0.0;0.0;0.0;1.0
по бледному лицу бродит растерянная улыбка;business;0.16666666666666666;0.0;0.0;0.3333333333333333;0.16666666666666666;0.16666666666666666
по уходе его;setting;0.0;0.0;0.0;0.3333333333333333;0.3333333333333333;0.0
по уходе их отворяются двери, и мишка выбрасывает из них сор. из других дверей выходит осип с чемоданом на голове;mixed;0.045454545454545456;0.0;0.0;0.3636363636363637;0.2272727272727273;0.13636363636363635
по-прежнему, мечтательно;business;0.2;0.2;0.0;0.0;0.2;0.0
поболтавшись, удаляется. шум. суматоха. веселые крики: «факелы! факелы! факельное шествие!» появляется хор с факелами. маски толпятся, смеются прыгают;business;0.06896551724137931;0.0;0.0;0.3103448275862069;0.03448275862068965;0.1724137931034483
подавая руку астрову;business;0.0;0.0;0.0;0.6666666666666666;0.0;0.0
подает астрову руку;business;0.0;0.0;0.0;0.6666666666666666;0.0;0.3333333333333333
подает ему аптечку, чемодан и папку;business;0.0;0.0;0.0;0.42857142857142855;0.0;0.14285714285714285
подает ему свечу;business;0.0;0.0;0.0;0.3333333333333333;0.0;0.3333333333333333
подает ему сигару;business;0.0;0.0;0.0;0.3333333333333333;0.0;0.3333333333333333
подает капли;business;0.0;0.0;0.0;0.5;0.0;0.5
подбегает к окну и кричит;business;0.0;0.0;0.0;0.2;0.2;0.4
подбегая;business;0.0;0.0;0.0;0.0;0.0;0.0
подбоченясь, тихо поет;business;0.0;0.25;0.0;0.0;0.0;0.25
"поднимается на цыпочки; вся сцена вполголоса";mixed;0.14285714285714285;0.14285714285714285;0.0;0.2857142857142857;0.14285714285714285;0.14285714285714285
поднося бумажки;business;0.0;0.0;0.0;0.5;0.0;0.0
подносят ему на серебряном подносе деньги;business;0.16666666666666666;0.0;0.0;0.3333333333333333;0.16666666666666666;0.16666666666666666
подойдя к елене андреевне, нетерпеливо;delivery;0.0;0.16666666666666666;0.0;0.3333333333333333;0.16666666666666666;0.0
подсвистывает;business;0.0;0.0;0.0;0.0;0.0;1.0
подумав;business;0.0;0.0;0.0;0.0;0.0;0.0
подхалюзин входит;entrance;0.0;0.0;0.0;0.5;0.0;0.5
подхалюзин и рисположенский;modifier;0.3333333333333333;0.0;0.0;0.3333333333333333;0.0;0.0
подхалюзин и тишка;modifier;0.0;0.0;0.0;0.6666666666666666;0.0;0.0
подхалюзин к липочка садятся;business;0.0;0.0;0.0;0.5;0.25;0.25
подхалюзин становится;business;0.0;0.0;0.0;0.5;0.0;0.5
подхалюзин, большов и тишка;modifier;0.0;0.0;0.0;0.6;0.0;0.0
подходит и садится к столу;business;0.0;0.0;0.0;0.2;0.2;0.4
подходит к ее ручке;business;0.0;0.0;0.0;0.25;0.25;0.25
подходит к ее ручке и обращается к зрителям с тем же удальством;business;0.0;0.0;0.0;0.25;0.25;0.16666666666666666
подходит к зеркалу и смотрится, потом к отцу;business;0.0;0.1111111111111111;0.0;0.2222222222222222;0.2222222222222222;0.2222222222222222
подходит к карте африки и смотрит на нее;business;0.0;0.0;0.0;0.375;0.25;0.25
подходит к коломбине;business;0.0;0.0;0.0;0.3333333333333333;0.3333333333333333;0.3333333333333333
подходит к нему и треплет по плечу;business;0.0;0.0;0.0;0.14285714285714285;0.2857142857142857;0.2857142857142857
подходит к окну;business;0.0;0.0;0.0;0.3333333333333333;0.3333333333333333;0.3333333333333333
подходит к ручке;business;0.0;0.0;0.0;0.3333333333333333;0.3333333333333333;0.3333333333333333
подходит к ручке анны андреевны;business;0.0;0.0;0.0;0.6;0.2;0.2
подходит к ручке и потом, обратившись к зрителям, щелкает языком с видом удальства;business;0.0;0.06666666666666668;0.0;0.3333333333333333;0.2;0.13333333333333333
подходит к ручке марьи антоновны;business;0.0;0.0;0.0;0.6;0.2;0.2
подходит к серебрякову, нежно;business;0.0;0.2;0.0;0.2;0.2;0.2
подходя и трясясь всем телом, силится выговорить;delivery;0.125;0.0;0.0;0.125;0.0;0.25
подходя к окну;business;0.0;0.0;0.0;0.3333333333333333;0.3333333333333333;0.0
подходя к ручке марьи антоновны;business;0.0;0.0;0.0;0.6;0.2;0.0
подымая;business;0.0;0.0;0.0;0.0;0.0;0.0
пожав плечами;business;0.0;0.0;0.0;0.5;0.0;0.0
пожав плечами;delivery;0.0;0.0;0.0;0.5;0.0;0.0
пожал руку;business;0.0;0.0;0.0;0.5;0.0;0.5
пожимает плечами;business;0.0;0.0;0.0;0.5;0.0;0.5
пожимает руки;business;0.0;0.0;0.0;0.5;0.0;0.5
пожимает руку;business;0.0;0.0;0.0;0.5;0.0;0.5
пожимая плечами;business;0.0;0.0;0.0;0.5;0.0;0.0
"поздравительный гул; слышнее других голоса:";setting;0.42857142857142855;0.0;0.0;0.2857142857142857;0.0;0.0
поздравления сливаются в один гул;setting;0.2;0.0;0.0;0.4;0.2;0.2
показывает на добчинского и бобчинского;business;0.4;0.0;0.0;0.0;0.2;0.2
показывает ногою;business;0.0;0.0;0.0;0.5;0.0;0.5
показывает письмо;business;0.0;0.0;0.0;0.5;0.0;0.5
показывает рукою;business;0.0;0.0;0.0;0.5;0.0;0.5
показывается на лестнице;business;0.0;0.0;0.0;0.3333333333333333;0.3333333333333333;0.3333333333333333
показывая на картограмме;business;0.0;0.0;0.0;0.3333333333333333;0.3333333333333333;0.0
показывая на сердце;business;0.0;0.0;0.0;0.3333333333333333;0.3333333333333333;0.0
покачав головой;business;0.0;0.0;0.0;0.5;0.0;0.0
помогая ему;business;0.0;0.0;0.0;0.0;0.0;0.0
помолчав;business;0.0;0.0;0.0;0.0;0.0;0.0
поправляет плед;business;0.0;0.0;0.0;0.5;0.0;0.5
поскальзывается и чуть-чуть не шлепается на пол, но с почтением поддерживается чиновниками;business;0.0;0.13333333333333333;0.0;0.2;0.13333333333333333;0.2
после небольшого молчания;business;0.3333333333333333;0.0;0.0;0.3333333333333333;0.3333333333333333;0.0
после паузы;delivery;0.0;0.0;0.0;0.5;0.5;0.0
посматривает на анну андреевну и рисуется перед ней;business;0.0;0.0;0.0;0.25;0.25;0.25
посматривает на дочь;business;0.0;0.0;0.0;0.3333333333333333;0.3333333333333333;0.3333333333333333
поспешно;delivery;0.0;1.0;0.0;0.0;0.0;0.0
поспешно схватывается с постели;delivery;0.0;0.25;0.0;0.25;0.25;0.25
поспешно уходит вместе с марьей антоновной и говорит за сценою;mixed;0.0;0.2;0.0;0.3;0.2;0.2
потерявшись и роняя на пол ассигнации;business;0.0;0.0;0.0;0.3333333333333333;0.16666666666666666;0.0
потирает руки и подшаркивает ножкой;business;0.0;0.0;0.0;0.4;0.0;0.4
поцеловав дочь;business;0.0;0.0;0.0;0.5;0.0;0.0
поцелуй;business;0.0;0.0;0.0;1.0;0.0;0.0
почтмейстер раскланивается и уходит;exit;0.0;0.0;0.0;0.25;0.0;0.5
появляется стройный юноша в платье арлекина. на нем серебристыми голосами поют бубенцы;business;0.2307692307692308;0.0;0.0;0.38461538461538464;0.15384615384615385;0.15384615384615385
преследуя ее;business;0.0;0.0;0.0;0.0;0.0;0.0
приглаживает ей волосы;business;0.0;0.0;0.0;0.3333333333333333;0.0;0.3333333333333333
придвигается ближе с своим стулом и говорит вполголоса;mixed;0.25;0.125;0.0;0.125;0.125;0.25
придвигая стул;business;0.0;0.0;0.0;0.5;0.0;0.0
придвигаясь;business;0.0;0.0;0.0;0.0;0.0;0.0
прижимает его в угол и хватает за шиворот;business;0.0;0.0;0.0;0.25;0.25;0.25
прижимается к нему. первую пару скрывает от зрителей тихий танец масок и паяцов. в средину танца врывается вторая пара влюбленных. впереди — она в черной маске и вьющемся красном плаще. позади — он — весь в черном, гибкий, в красной маске и черном плаще. движения стремительны. он гонится за ней, то настигая, то обгоняя ее. вихрь плащей;setting;0.14705882352941174;0.029411764705882356;0.0;0.25;0.10294117647058824;0.05882352941176471
прижимаясь к няне;business;0.0;0.0;0.0;0.3333333333333333;0.3333333333333333;0.0
принимает деньги;business;0.0;0.0;0.0;0.5;0.0;0.5
принимает из окна просьбы, развертывает одну из них и читает:;business;0.08333333333333333;0.0;0.0;0.16666666666666666;0.16666666666666666;0.25
принимая деньги;business;0.0;0.0;0.0;0.5;0.0;0.0
принимая стакан;business;0.0;0.0;0.0;0.5;0.0;0.0
принимая шпагу, к квартальному;delivery;0.2;0.0;0.0;0.2;0.2;0.0
приносит свечу. хлестаков печатает. в это время слышен голос держиморды: «куда лезешь, борода? говорят тебе, никого не велено пускать»;setting;0.037037037037037035;0.0;0.0;0.25925925925925924;0.037037037037037035;0.14814814814814814
припадает к ее руке;business;0.0;0.0;0.0;0.25;0.25;0.25
припадая к ее руке;delivery;0.0;0.0;0.0;0.25;0.25;0.0
приподнимается и говорит жалобно и мечтательно;delivery;0.0;0.3333333333333333;0.0;0.0;0.0;0.3333333333333333
приподымается со стула, вытянувшись и руки по швам;business;0.0;0.0;0.0;0.3333333333333333;0.2222222222222222;0.1111111111111111
пристально смотрит на него;business;0.0;0.25;0.0;0.0;0.25;0.25
пристают к нему;business;0.0;0.0;0.0;0.0;0.3333333333333333;0.3333333333333333
прихлопывает в ладоши и слегка подпрыгивает на стуле;business;0.0;0.125;0.0;0.25;0.25;0.25
про себя, в нерешимости;delivery;0.0;0.0;0.0;0.2;0.4;0.0
провожая;business;0.0;0.0;0.0;0.0;0.0;0.0
продолжает;delivery;0.0;0.0;0.0;0.0;0.0;1.0
продолжает есть;business;0.0;0.0;0.5;0.0;0.0;0.5
продолжает писать;business;0.0;0.0;0.0;0.0;0.0;1.0
продолжает читать;business;0.0;0.0;0.0;0.0;0.0;1.0
продолжая удерживать ее;business;0.0;0.0;0.0;0.0;0.0;0.3333333333333333
продолжая читать;delivery;0.0;0.0;0.0;0.0;0.0;0.5
"произнесенные слова поражают как громом всех. звук изумления единодушно излетает из дамских уст; вся группа, вдруг переменивши положение, остается в окаменении";setting;0.12;0.08;0.0;0.32;0.08;0.12
пронзительно кричит;delivery;0.0;0.5;0.0;0.0;0.0;0.5
пропускает вперед хлестакова и следует за ним, но, оборотившись, говорит с укоризной бобчинскому;mixed;0.0625;0.0625;0.0;0.125;0.125;0.1875
просматривает дальше;business;0.5;0.0;0.0;0.0;0.0;0.5
протирает глаза;business;0.0;0.0;0.0;0.5;0.0;0.5
протягивает ей руку;business;0.0;0.0;0.0;0.3333333333333333;0.0;0.3333333333333333
прыгает в окно. даль, видимая в окне, оказывается нарисованной на бумаге. бумага лопнула. арлекин полетел вверх ногами в пустоту. в бумажном разрыве видно одно светлеющее небо. ночь истекает, копошится утро. на фоне занимающейся зари стоит, чуть колеблемая дорассветным ветром, — смерть, в длинных белых пеленах, с матовым женственным лицом и с косой на плече. лезвее серебрится, как опрокинутый месяц, умирающий утром. все бросились в ужасе в разные стороны. рыцарь споткнулся на деревянный меч. дамы разроняли цветы по всей сцене. маски, неподвижно прижавшиеся, как бы распятые у стен, кажутся куклами из этнографического музея. любовницы спрятали лица в плащи любовников. профиль голубой маски тонко вырезывается на утреннем небе. у ног ее испуганная, коленопреклоненная розовая маска прижалась к его руке губами. как из земли выросший пьеро медленно идет через всю сцену, простирая руки к смерти. по мере его приближения черты ее начинают оживать. румянец заиграл на матовости щек. серебряная коса теряется в стелющемся утреннем тумане. на фоне зари, в нише окна, стоит с тихой улыбкой на спокойном лице красивая девушка — коломбина. в ту минуту, как пьеро подходит и хочет коснуться ее руки своей рукой,- между ним и коломбиной просовывается торжествующая голова автора;business;0.11842105263157895;0.02631578947368421;0.0;0.3201754385964912;0.14035087719298245;0.10964912280701754
прячет деньги;business;0.0;0.0;0.0;0.5;0.0;0.5
пытливо всматривается в ее лицо;business;0.2;0.0;0.0;0.2;0.2;0.2
пьеро грустно удаляется. через некоторое время на той же скамье обнаруживается пара влюбленных. он в голубом, она в розовом, маски — цвета одежд. они вообразили себя в церкви и смотрят вверх, в купола;setting;0.10256410256410256;0.05128205128205128;0.0;0.2307692307692308;0.15384615384615385;0.10256410256410256
пьеро задумчиво вынул из кармана дудочку и заиграл песню о своем бледном лице, о тяжелой жизни и о невесте своей коломбине;business;0.18181818181818185;0.045454545454545456;0.0;0.3636363636363637;0.18181818181818185;0.09090909090909093
пьеро остановился, растерян. председатель умоляюще складывает руки;business;0.1111111111111111;0.0;0.0;0.3333333333333333;0.0;0.2222222222222222
пьеро размечтался и оживился. но из-за занавеса сбоку вылезает обеспокоенный автор;mixed;0.0;0.07142857142857142;0.0;0.21428571428571427;0.14285714285714285;0.21428571428571427
пьеро услыхал. медленно поднявшись, он подходит к девушке, берет ее за руку и выводит на средину сцены. он говорит голосом звонким и радостным, как первый удар колокола;mixed;0.09375;0.03125;0.0;0.25;0.09375;0.15625
пьет;business;0.0;0.0;0.0;0.0;0.0;1.0
пьет воду;business;0.0;0.0;0.0;0.5;0.0;0.5
пьет и закусывает;business;0.0;0.0;0.0;0.0;0.0;0.6666666666666666
пьет, потом надевает очки, садится подле большова и смотрит в газеты;business;0.0;0.15384615384615385;0.0;0.2307692307692308;0.07692307692307693;0.3076923076923077
пьют и целуются;business;0.0;0.0;0.0;0.0;0.0;0.6666666666666666
работнику;delivery;0.0;0.0;0.0;1.0;0.0;0.0
раздаются вполголоса восклицания:;delivery;0.0;0.25;0.0;0.25;0.0;0.25
раздраженно;delivery;0.0;1.0;0.0;0.0;0.0;0.0
раздумывая;business;0.0;0.0;0.0;0.0;0.0;0.0
раздумывая;delivery;0.0;0.0;0.0;0.0;0.0;0.0
размахивает руками;business;0.0;0.0;0.0;0.5;0.0;0.5
раскланивается с тем, чтобы уйти;business;0.0;0.0;0.0;0.0;0.16666666666666666;0.3333333333333333
раскланиваясь;business;0.0;0.0;0.0;0.0;0.0;0.0
раскланиваясь и уходя, в сторону;business;0.0;0.0;0.0;0.16666666666666666;0.16666666666666666;0.0
раскуривая сигарку;business;0.0;0.0;0.0;0.5;0.0;0.0
расставляя руки;business;0.0;0.0;0.0;0.5;0.0;0.0
растроганная;delivery;0.0;0.0;0.0;0.0;0.0;0.0
растроганный;business;0.0;0.0;0.0;0.0;0.0;0.0
растягивает на ломберном столе картограмму и укрепляет ее кнопками;business;0.1111111111111111;0.0;0.0;0.3333333333333333;0.1111111111111111;0.2222222222222222
режет жаркое;business;0.0;0.0;0.0;0.5;0.0;0.5
режет курицу;business;0.0;0.0;0.0;0.5;0.0;0.5
рисположенский бежит от нее;business;0.25;0.0;0.0;0.25;0.25;0.25
рисположенский смеется;business;0.5;0.0;0.0;0.0;0.0;0.5
рисуется;business;0.0;0.0;0.0;0.0;0.0;1.0
рисуясь;business;0.0;0.0;0.0;0.0;0.0;0.0
робея;business;0.0;0.0;0.0;0.0;0.0;0.0
роется в бумагах на столе;business;0.0;0.0;0.0;0.4;0.4;0.2
с гневом;delivery;0.0;0.0;0.0;0.5;0.5;0.0
с декламацией;delivery;0.0;0.0;0.0;0.5;0.5;0.0
с досадой;delivery;0.0;0.0;0.0;0.5;0.5;0.0
с жаром;delivery;0.0;0.0;0.0;0.5;0.5;0.0
с изумлением;delivery;0.0;0.0;0.0;0.5;0.5;0.0
с иронией;delivery;0.0;0.0;0.0;0.5;0.5;0.0
с неудовольствием;delivery;0.0;0.0;0.0;0.5;0.5;0.0
с пренебрежением;delivery;0.0;0.0;0.0;0.5;0.5;0.0
с тарелками и салфеткой;setting;0.0;0.0;0.0;0.5;0.25;0.0
с тоской;delivery;0.0;0.0;0.0;0.5;0.5;0.0
с усмешкой;delivery;0.0;0.0;0.0;0.5;0.5;0.0
"сад. видна часть дома с террасой. на аллее под старым тополем стол, сервированный для чая, скамьи, стулья; на одной из скамей лежит гитара. недалеко от стола качели. – третий час дня. пасмурно";setting;0.07317073170731707;0.04878048780487805;0.0;0.4146341463414634;0.17073170731707318;0.024390243902439025
садится;business;0.0;0.0;0.0;0.0;0.0;1.0
садится в кресло и вяжет чулок;business;0.0;0.0;0.0;0.3333333333333333;0.16666666666666666;0.3333333333333333
садится за стол и перелистывает конторскую книгу;business;0.14285714285714285;0.0;0.0;0.2857142857142857;0.14285714285714285;0.2857142857142857
садится и погружается в чтение;business;0.0;0.0;0.0;0.2;0.2;0.4
садится к столу;business;0.0;0.0;0.0;0.3333333333333333;0.3333333333333333;0.3333333333333333
садится к столу и вынимает из кармана деньги;business;0.0;0.0;0.0;0.375;0.25;0.25
садится к столу, пишет записку и между тем говорит):;business;0.0;0.0;0.0;0.18181818181818185;0.18181818181818185;0.2727272727272727
садится подле олимпиады самсоновны;business;0.0;0.25;0.0;0.5;0.0;0.25
садясь;business;0.0;0.0;0.0;0.0;0.0;0.0
садятся;business;0.0;0.0;0.0;0.0;0.0;1.0
самсон силыч входит;entrance;0.0;0.0;0.0;0.6666666666666666;0.0;0.3333333333333333
свертывает и надписывает;business;0.0;0.0;0.0;0.0;0.0;0.6666666666666666
свертывает картограмму в трубку;business;0.0;0.0;0.0;0.5;0.25;0.25
свешивается в окно;business;0.0;0.0;0.0;0.3333333333333333;0.3333333333333333;0.3333333333333333
свистит;delivery;0.0;0.0;0.0;0.0;0.0;1.0
сдерживая отчаяние;delivery;0.0;0.0;0.0;0.5;0.0;0.0
села;business;0.0;0.0;0.0;1.0;0.0;0.0
серебряков (сидит в кресле перед открытым окном и дремлет) и елена андреевна (сидит подле него и тоже дремлет;setting;0.047619047619047616;0.09523809523809523;0.0;0.2380952380952381;0.09523809523809523;0.19047619047619047
"серебряков ошеломлен; елена андреевна прислонилась к стене, ей дурно";business;0.0;0.09090909090909093;0.0;0.3636363636363637;0.09090909090909093;0.09090909090909093
серебряков, соня и марина уходят;exit;0.0;0.0;0.0;0.5;0.0;0.16666666666666666
серебрякову;delivery;0.0;0.0;0.0;1.0;0.0;0.0
сидит у окна с книгой;business;0.0;0.0;0.0;0.4;0.4;0.2
силится уйти;business;0.0;0.0;0.0;0.0;0.0;1.0
сквозь слезы;delivery;0.0;0.0;0.0;0.5;0.5;0.0
склоняется к столу;business;0.0;0.0;0.0;0.3333333333333333;0.3333333333333333;0.3333333333333333
скрестив руки и нагнув голову;delivery;0.0;0.0;0.0;0.4;0.0;0.0
слуга убирает и уносит тарелки вместе с осипом;exit;0.0;0.125;0.0;0.375;0.125;0.25
слуга уходит. в дверь выглядывает бобчинский;mixed;0.14285714285714285;0.0;0.0;0.2857142857142857;0.14285714285714285;0.2857142857142857
слуге;delivery;0.0;0.0;0.0;1.0;0.0;0.0
слышен из другой комнаты небольшой кашель хлестакова;setting;0.42857142857142855;0.0;0.0;0.42857142857142855;0.14285714285714285;0.0
слышны бубенчики;setting;0.5;0.0;0.0;0.5;0.0;0.0
"слышны голоса; из глубины сада, возвращаясь о прогулки, идут серебряков, елена андреевна, соня и телегин";entrance;0.05;0.0;0.0;0.45;0.1;0.05
смеется;business;0.0;0.0;0.0;0.0;0.0;1.0
смеется от счастья;business;0.0;0.0;0.0;0.3333333333333333;0.3333333333333333;0.3333333333333333
смеется сквозь зубы;business;0.0;0.0;0.0;0.3333333333333333;0.3333333333333333;0.3333333333333333
смеется, закрыв лицо;business;0.0;0.0;0.0;0.25;0.0;0.25
смеясь;delivery;0.0;0.0;0.0;0.0;0.0;0.0
смеясь;business;0.0;0.0;0.0;0.0;0.0;0.0
смотрит в зеркало;business;0.0;0.0;0.0;0.3333333333333333;0.3333333333333333;0.3333333333333333
смотрит в окно;business;0.0;0.0;0.0;0.3333333333333333;0.3333333333333333;0.3333333333333333
смотрит на часы;business;0.0;0.0;0.0;0.3333333333333333;0.3333333333333333;0.3333333333333333
смотря в бумажник;business;0.0;0.0;0.0;0.3333333333333333;0.3333333333333333;0.0
смягчившись;business;0.0;0.0;0.0;0.0;0.0;0.0
сначала немного заикается, но к концу речи говорит громко;delivery;0.0;0.3;0.0;0.2;0.1;0.2
со вздохом;delivery;0.0;0.0;0.0;0.5;0.5;0.0
со вздохом облегчения и торжества;delivery;0.0;0.0;0.0;0.6;0.2;0.0
со щеткой на авансцене;setting;0.0;0.0;0.0;0.5;0.5;0.0
собирает шерсть и уходит;exit;0.0;0.0;0.0;0.25;0.0;0.5
соне;delivery;0.0;0.0;0.0;1.0;0.0;0.0
соне, проведя рукой по ее волосам;delivery;0.0;0.0;0.0;0.42857142857142855;0.14285714285714285;0.0
соня и войницкий уходят;exit;0.25;0.0;0.0;0.25;0.0;0.25
соня не слышит его, она стоит, печально опустив голову;business;0.0;0.09090909090909093;0.0;0.18181818181818185;0.0;0.18181818181818185
соня садится и пишет;business;0.0;0.0;0.0;0.25;0.0;0.5
соня утвердительно кивает головой;business;0.0;0.25;0.0;0.5;0.0;0.25
сосчитал на счетах и записывает;business;0.0;0.0;0.0;0.2;0.2;0.4
ставит вино на стол;business;0.0;0.0;0.0;0.5;0.25;0.25
"становится перед ним на колени и кладет голову на его руки; утомленным голосом";mixed;0.07142857142857142;0.0;0.0;0.2857142857142857;0.21428571428571427;0.14285714285714285
становится перед няней на колени и прижимается к ней;business;0.0;0.0;0.0;0.2222222222222222;0.3333333333333333;0.2222222222222222
старается мотать быстрее;business;0.3333333333333333;0.0;0.0;0.0;0.0;0.6666666666666666
стараясь отнять у него револьвер;delivery;0.0;0.0;0.0;0.2;0.2;0.2
стоит и смотрит на нее;business;0.0;0.0;0.0;0.2;0.2;0.4
столовая в доме серебрякова. – ночь. – слышно, как в саду стучит сторож;setting;0.125;0.0;0.0;0.3125;0.125;0.0625
"стоя на коленях, оборачивается к отцу; нервно, сквозь слезы";mixed;0.0;0.16666666666666666;0.0;0.25;0.25;0.08333333333333333
страстно;delivery;0.0;1.0;0.0;0.0;0.0;0.0
стреляет в него;business;0.0;0.0;0.0;0.0;0.3333333333333333;0.3333333333333333
строго;delivery;0.0;1.0;0.0;0.0;0.0;0.0
строит всех полукружием;business;0.3333333333333333;0.0;0.0;0.3333333333333333;0.0;0.3333333333333333
стук в двери и голос самсона силыча: «эй, отоприте, кто там?» аграфена кондратьевна скрывается;setting;0.0;0.05263157894736842;0.10526315789473684;0.3157894736842105;0.05263157894736842;0.10526315789473684
стучит в дверь;business;0.0;0.0;0.0;0.3333333333333333;0.3333333333333333;0.3333333333333333
стучит кулаком по столу;business;0.0;0.0;0.0;0.5;0.25;0.25
стучит со злости ногами об пол;business;0.0;0.0;0.0;0.5;0.3333333333333333;0.16666666666666666
стучит сторож;setting;0.0;0.0;0.0;0.5;0.0;0.5
судорожно жмет астрову руку;business;0.0;0.25;0.0;0.5;0.0;0.25
судья, попечитель богоугодных заведений, смотритель училищ и почтмейстер уходят и в дверях сталкиваются с возвращающимся квартальным;business;0.1111111111111111;0.0;0.0;0.3888888888888889;0.1111111111111111;0.1111111111111111
сует кулаком и бьет каблуком в пол. после некоторого молчания;business;0.09090909090909093;0.0;0.0;0.4545454545454545;0.18181818181818185;0.09090909090909093
схватывая за руку дочь;business;0.0;0.0;0.0;0.5;0.25;0.0
считает про себя;delivery;0.0;0.0;0.0;0.0;0.3333333333333333;0.3333333333333333
сыну;delivery;0.0;0.0;0.0;1.0;0.0;0.0
таким же голосом;delivery;0.3333333333333333;0.0;0.0;0.3333333333333333;0.0;0.0
те же без фоминишны;modifier;0.5;0.0;0.0;0.0;0.25;0.0
те же и анна андреевна;modifier;0.2;0.0;0.0;0.4;0.0;0.0
те же и большов;modifier;0.25;0.0;0.0;0.25;0.0;0.0
те же и городничий;modifier;0.25;0.0;0.0;0.25;0.0;0.0
те же и городничий впопыхах;modifier;0.2;0.2;0.0;0.2;0.0;0.0
те же и добчинский;modifier;0.25;0.0;0.0;0.25;0.0;0.0
те же и жандарм;modifier;0.25;0.0;0.0;0.25;0.0;0.0
те же и купцы;modifier;0.25;0.0;0.0;0.25;0.0;0.0
те же и лазарь, рисположенский и фоминишна (у дверей;mixed;0.2727272727272727;0.0;0.0;0.18181818181818185;0.09090909090909093;0.0
те же и марья антоновна, вдруг вбегает;entrance;0.125;0.125;0.0;0.25;0.0;0.125
те же и невольник;modifier;0.25;0.0;0.0;0.25;0.0;0.0
те же и олимпиада самсоновна;modifier;0.2;0.0;0.0;0.4;0.0;0.0
те же и осип;business;0.25;0.0;0.0;0.25;0.0;0.0
те же и осип. все бегут к нему навстречу, кивая пальцами;mixed;0.15384615384615385;0.07692307692307693;0.0;0.15384615384615385;0.07692307692307693;0.07692307692307693
те же и подхалюзин (входит;mixed;0.16666666666666666;0.0;0.0;0.16666666666666666;0.0;0.16666666666666666
те же и посланный к княжне;modifier;0.16666666666666666;0.0;0.0;0.16666666666666666;0.16666666666666666;0.0
те же и почтмейстер;modifier;0.25;0.0;0.0;0.25;0.0;0.0
те же и почтмейстер впопыхах, с распечатанным письмом в руке;modifier;0.09090909090909093;0.09090909090909093;0.0;0.2727272727272727;0.18181818181818185;0.0
те же и рисположенский;modifier;0.5;0.0;0.0;0.0;0.0;0.0
те же и тишка;modifier;0.25;0.0;0.0;0.25;0.0;0.0
те же и трактирный слуга, сопровождаемый осипом. бобчинский выглядывает в дверь;modifier;0.2307692307692308;0.0;0.0;0.2307692307692308;0.07692307692307693;0.07692307692307693
те же и устинья наумовна;modifier;0.2;0.0;0.0;0.4;0.0;0.0
те же и фоминишна;modifier;0.5;0.0;0.0;0.0;0.0;0.0
те же и фоминишна, входит, ставит на стол водку с закуской;mixed;0.15384615384615385;0.0;0.0;0.2307692307692308;0.15384615384615385;0.15384615384615385
те же и частный пристав;modifier;0.4;0.0;0.0;0.0;0.0;0.0
те же, аммос федорович, артемий филиппович, потом растаковский;modifier;0.18181818181818185;0.09090909090909093;0.0;0.3636363636363637;0.0;0.0
те же, анна андреевна и марья антоновна;modifier;0.125;0.0;0.0;0.5;0.0;0.0
те же, бобчинский и добчинский, оба входят, запыхавшись;mixed;0.18181818181818185;0.0;0.0;0.09090909090909093;0.0;0.09090909090909093
те же, большов и аграфена кондратьевна;modifier;0.14285714285714285;0.0;0.0;0.42857142857142855;0.0;0.0
те же, держиморда и свистунов;modifier;0.16666666666666666;0.0;0.0;0.3333333333333333;0.0;0.0
те же, коробкин с женою, люлюков;modifier;0.25;0.0;0.0;0.25;0.125;0.0
те же, кроме хлестакова и городничего;modifier;0.14285714285714285;0.0;0.0;0.2857142857142857;0.14285714285714285;0.0
те же, рисположенский и аграфена кондратьевна;modifier;0.2857142857142857;0.0;0.0;0.2857142857142857;0.0;0.0
те же, устинья наумовна и рисположенский;modifier;0.2857142857142857;0.0;0.0;0.2857142857142857;0.0;0.0
те же, фоминишна и тишка (с вином на подносе;modifier;0.18181818181818185;0.0;0.0;0.2727272727272727;0.18181818181818185;0.0
те же, хорев и завлох;modifier;0.3333333333333333;0.0;0.0;0.16666666666666666;0.0;0.0
те же, частный пристав и квартальные;modifier;0.42857142857142855;0.0;0.0;0.0;0.0;0.0
"телегин бьет по струнам и играет польку; мария васильевна что-то записывает на полях брошюры";business;0.0;0.0;0.0;0.4117647058823529;0.1176470588235294;0.17647058823529413
телегин входит на цыпочках, садится у двери и тихо настраивает гитару;mixed;0.0;0.08333333333333333;0.0;0.3333333333333333;0.16666666666666666;0.25
телегин и марина сидят друг против друга и мотают чулочную шерсть;business;0.09090909090909093;0.0;0.0;0.4545454545454545;0.09090909090909093;0.18181818181818185
"телегин играет польку; все молча слушают; входит работник";mixed;0.1;0.1;0.0;0.3;0.0;0.3
телегин настраивает гитару. марина ходит около дома и кличет кур;business;0.0;0.0;0.0;0.4545454545454545;0.09090909090909093;0.2727272727272727
телегин тихо играет на гитаре;business;0.0;0.2;0.0;0.4;0.2;0.2
телегин тихо наигрывает;business;0.0;0.3333333333333333;0.0;0.3333333333333333;0.0;0.3333333333333333
"телегин тихо наигрывает; мария васильевна пишет на полях брошюры; марина вяжет чулок";setting;0.0;0.07142857142857142;0.0;0.5;0.07142857142857142;0.21428571428571427
телегину;delivery;0.0;0.0;0.0;1.0;0.0;0.0
тихо;delivery;0.0;1.0;0.0;0.0;0.0;0.0
тихо добчинскому;delivery;0.0;0.5;0.0;0.5;0.0;0.0
тишка бежит;business;0.0;0.0;0.0;0.5;0.0;0.5
тишка входит;entrance;0.0;0.0;0.0;0.5;0.0;0.5
тишка и подхалюзин (крадется и хватает его за ворот;mixed;0.0;0.0;0.0;0.3;0.1;0.2
тишка наливает;business;0.0;0.0;0.0;0.5;0.0;0.5
тишка ставит водку и достает закуски, потом уходит;mixed;0.0;0.1111111111111111;0.0;0.3333333333333333;0.0;0.3333333333333333
тишка уходит;exit;0.0;0.0;0.0;0.5;0.0;0.5
тишка хочет убирать водку;business;0.0;0.0;0.0;0.5;0.0;0.5
тоном упрека;delivery;0.0;0.0;0.0;1.0;0.0;0.0
торопливо, няне;delivery;0.0;0.3333333333333333;0.0;0.3333333333333333;0.0;0.0
"у дверей вертится ручка; хлестаков бледнеет и съеживается";business;0.0;0.0;0.0;0.3333333333333333;0.1111111111111111;0.3333333333333333
у освещенного стола с сосредоточенным видом сидят мистики обоего пола — в сюртуках и модных платьях. несколько поодаль, у окна сидит пьеро в белом балахоне, мечтательный, расстроенный, бледный, безусый и безбровый, как все пьеро;setting;0.17073170731707318;0.04878048780487805;0.0;0.24390243902439024;0.12195121951219512;0.04878048780487805
убирает со стола краски и прячет их в чемодан;business;0.0;0.0;0.0;0.3333333333333333;0.2222222222222222;0.2222222222222222
увидев войницкого;delivery;0.5;0.0;0.0;0.0;0.0;0.0
увидев входящую соню;business;0.0;0.0;0.0;0.6666666666666666;0.0;0.0
увидев работника, который принес на подносе рюмку водки;business;0.1111111111111111;0.0;0.0;0.4444444444444444;0.1111111111111111;0.1111111111111111
увидев хлестакова на коленях;business;0.0;0.0;0.0;0.5;0.25;0.0
увидев, что буфет открыт;business;0.2;0.0;0.0;0.2;0.0;0.0
увидя хлестакова на коленях, вскрикивает;delivery;0.0;0.0;0.0;0.3333333333333333;0.16666666666666666;0.16666666666666666
удерживая ее;business;0.0;0.0;0.0;0.0;0.0;0.0
удерживая ее за талию;delivery;0.0;0.0;0.0;0.25;0.25;0.0
указывает на елену андреевну;business;0.0;0.0;0.0;0.5;0.25;0.25
указывает на среднюю дверь;business;0.25;0.0;0.0;0.25;0.25;0.25
укладывает картограммы в папку;business;0.0;0.0;0.0;0.5;0.25;0.25
умоляюще;delivery;1.0;0.0;0.0;0.0;0.0;0.0
упирается первому руками в брюхо и выпирается вместе с ним в прихожую, захлопнув за собою дверь;business;0.0;0.05882352941176471;0.0;0.29411764705882354;0.2352941176470588;0.1176470588235294
усаживает;business;0.0;0.0;0.0;0.0;0.0;1.0
усмехается и трясет головою;business;0.0;0.0;0.0;0.25;0.0;0.5
устинья наумовна и подхалюзин;modifier;0.0;0.0;0.0;0.75;0.0;0.0
утирает глаза;business;0.0;0.0;0.0;0.5;0.0;0.5
уходит;exit;0.0;0.0;0.0;0.0;0.0;1.0
уходит в задумчивости вместе с смотрителем училищ, произнеся:;exit;0.0;0.1;0.0;0.3;0.2;0.1
уходит в среднюю дверь;exit;0.25;0.0;0.0;0.25;0.25;0.25
уходит за ним;exit;0.0;0.0;0.0;0.0;0.3333333333333333;0.3333333333333333
уходит и возвращается;mixed;0.0;0.0;0.0;0.0;0.0;0.6666666666666666
уходит на цыпочках;exit;0.0;0.0;0.0;0.3333333333333333;0.3333333333333333;0.3333333333333333
уходит на цыпочках вслед за квартальными;exit;0.16666666666666666;0.16666666666666666;0.0;0.16666666666666666;0.3333333333333333;0.16666666666666666
уходит с аграфеной кондратьевной;exit;0.0;0.0;0.0;0.5;0.25;0.25
"уходит; за ним бобчинский";exit;0.2;0.0;0.0;0.0;0.2;0.2
"уходит; за ним идут мария васильевна и соня";exit;0.0;0.0;0.0;0.3333333333333333;0.1111111111111111;0.2222222222222222
уходя;exit;0.0;0.0;0.0;0.0;0.0;0.0
уходят;exit;0.0;0.0;0.0;0.0;0.0;1.0
"уходят. тишка прибирает кое-что; сверху сходят устинья наумовна и фоминишна. тишка уходит";mixed;0.1176470588235294;0.05882352941176471;0.0;0.2352941176470588;0.0;0.2352941176470588
фоминишна и большов;modifier;0.3333333333333333;0.0;0.0;0.3333333333333333;0.0;0.0
"фоминишна идет к двери; подхалюзин и тишка входят";mixed;0.1111111111111111;0.0;0.0;0.3333333333333333;0.1111111111111111;0.2222222222222222
фоминишна сходит с лестницы;business;0.25;0.0;0.0;0.25;0.25;0.25
фоминишна уходит;exit;0.5;0.0;0.0;0.0;0.0;0.5
фоминишне;delivery;1.0;0.0;0.0;0.0;0.0;0.0
хватается за голову;business;0.0;0.0;0.0;0.3333333333333333;0.3333333333333333;0.3333333333333333
хватаясь за голову;business;0.0;0.0;0.0;0.3333333333333333;0.3333333333333333;0.0
хватаясь за карманы, про себя;delivery;0.0;0.0;0.0;0.16666666666666666;0.3333333333333333;0.0
хлестаков и аммос федорович;modifier;0.0;0.0;0.0;0.75;0.0;0.0
хлестаков и артемий филиппович, вытянувшись и придерживая шпагу;business;0.0;0.0;0.0;0.4444444444444444;0.0;0.0
хлестаков и купцы с кузовом вина и сахарными головами;modifier;0.1111111111111111;0.0;0.0;0.5555555555555556;0.1111111111111111;0.0
хлестаков и лука лукич, который почти выталкивается из дверей. сзади его слышен голос почти вслух: «чего робеешь?»;setting;0.09090909090909093;0.18181818181818185;0.0;0.2272727272727273;0.045454545454545456;0.09090909090909093
хлестаков и марья антоновна;modifier;0.0;0.0;0.0;0.75;0.0;0.0
хлестаков и осип с чернилами и бумагою;setting;0.0;0.0;0.0;0.5714285714285714;0.14285714285714285;0.0
хлестаков и почтмейстер, входит вытянувшись, в мундире, придерживая шпагу;entrance;0.0;0.0;0.0;0.3333333333333333;0.08333333333333333;0.08333333333333333
хлестаков подходит с марьей антоновной;business;0.0;0.0;0.0;0.6;0.2;0.2
хлестаков целуется с марьей антоновной. городничий смотрит на них;business;0.0;0.0;0.0;0.4;0.2;0.2
хлестаков, бобчинский и добчинский;modifier;0.2;0.0;0.0;0.4;0.0;0.0
хлестаков, городничий и добчинский. городничий, вошед, останавливается. оба в испуге смотрят несколько минут один на другого, выпучив глаза;mixed;0.08333333333333333;0.04166666666666666;0.0;0.3333333333333333;0.08333333333333333;0.08333333333333333
хлестаков, осип и трактирный слуга;modifier;0.16666666666666666;0.0;0.0;0.5;0.0;0.0
хлестаков, осип, потом слуга;modifier;0.0;0.16666666666666666;0.0;0.5;0.0;0.0
хлестаков, потом осип;modifier;0.0;0.25;0.0;0.5;0.0;0.0
хлестаков, слесарша и унтер-офицерша;modifier;0.0;0.0;0.0;0.5714285714285714;0.0;0.0
хлестакову;delivery;0.0;0.0;0.0;1.0;0.0;0.0
ходит в волнении по сцене;business;0.0;0.0;0.0;0.4;0.4;0.2
"ходит и разнообразно сжимает свои губы; наконец говорит громким и решительным голосом";mixed;0.2307692307692308;0.15384615384615385;0.0;0.15384615384615385;0.0;0.2307692307692308
ходит молча;business;0.0;0.5;0.0;0.0;0.0;0.5
ходит по комнате;business;0.0;0.0;0.0;0.3333333333333333;0.3333333333333333;0.3333333333333333
холодно;business;1.0;0.0;0.0;0.0;0.0;0.0
хорев, оснельда и астрада;modifier;0.2;0.0;0.0;0.4;0.0;0.0
хорев, оснельда и велькар;modifier;0.2;0.0;0.0;0.4;0.0;0.0
хохочет;business;0.0;0.0;0.0;0.0;0.0;1.0
хочет выпить;business;0.0;0.0;0.0;0.0;0.0;1.0
хочет идти;business;0.0;0.0;0.0;0.0;0.0;1.0
хочет уйти;business;0.0;0.0;0.0;0.0;0.0;1.0
храбрясь;delivery;0.0;0.0;0.0;0.0;0.0;0.0
христиан иванович издает звук, отчасти похожий на букву и и несколько на е;delivery;0.07142857142857142;0.14285714285714285;0.0;0.35714285714285715;0.14285714285714285;0.07142857142857142
христиан иванович издает тот же звук;delivery;0.16666666666666666;0.0;0.0;0.5;0.0;0.16666666666666666
целует его;business;0.0;0.0;0.0;0.0;0.0;0.5
целует его в голову и уходит;business;0.0;0.0;0.0;0.16666666666666666;0.16666666666666666;0.3333333333333333
целует ее;business;0.0;0.0;0.0;0.0;0.0;0.5
целует ее в голову;business;0.0;0.0;0.0;0.25;0.25;0.25
целует ее в плечо и смотрит в окно;business;0.0;0.0;0.0;0.25;0.25;0.25
целует ее в щеку;business;0.0;0.0;0.0;0.25;0.25;0.25
целует ее ручку;business;0.0;0.0;0.0;0.3333333333333333;0.0;0.3333333333333333
"целует ее; в это время входит войницкий с букетом роз и останавливается у двери";mixed;0.06666666666666668;0.0;0.0;0.26666666666666666;0.2;0.2
целует ему руки;business;0.0;0.0;0.0;0.3333333333333333;0.0;0.3333333333333333
целует руки;business;0.0;0.0;0.0;0.5;0.0;0.5
целует руку;business;0.0;0.0;0.0;0.5;0.0;0.5
целует серебрякова я плечо;business;0.0;0.0;0.0;0.5;0.0;0.25
целует у марии васильевны руку;business;0.0;0.0;0.0;0.6;0.2;0.2
целует, потом вскакивает и подбегает к двери;business;0.0;0.125;0.0;0.125;0.125;0.375
целует. молчание;business;0.0;0.0;0.0;0.3333333333333333;0.0;0.3333333333333333
целуется с войницким три раза;business;0.2;0.0;0.0;0.2;0.2;0.2
целуются;business;0.0;0.0;0.0;0.0;0.0;1.0
целуя его;business;0.0;0.0;0.0;0.0;0.0;0.0
целуясь;business;0.0;0.0;0.0;0.0;0.0;0.0
целуясь с липочкой;business;0.0;0.0;0.0;0.3333333333333333;0.3333333333333333;0.0
читает;delivery;0.0;0.0;0.0;0.0;0.0;1.0
читает;business;0.0;0.0;0.0;0.0;0.0;1.0
читает вслух;delivery;0.0;0.5;0.0;0.0;0.0;0.5
читая;delivery;0.0;0.0;0.0;0.0;0.0;0.0
чихает;business;0.0;0.0;0.0;0.0;0.0;1.0
шаря в карманах;business;0.0;0.0;0.0;0.3333333333333333;0.3333333333333333;0.0
шепотом;delivery;0.0;1.0;0.0;0.0;0.0;0.0
шепчет в сторону;delivery;0.0;0.0;0.0;0.3333333333333333;0.3333333333333333;0.3333333333333333
шум увеличивается;setting;0.0;0.0;0.0;0.5;0.0;0.5
